insert into Ville VALUES ('New York','Etats unis');
insert into Ville VALUES ('Las vegas','Etats unis');
insert into Ville VALUES ('Atlanta','Etats unis');
insert into Ville VALUES ('Miami','Etats unis');
insert into Ville VALUES ('Springfield','Etats unis');
insert into Ville VALUES ('Bend','Etats unis');
insert into Ville VALUES ('Paris','France');
insert into Ville VALUES ('Marseille','France');
insert into Ville VALUES ('Toulouse','France');
insert into Ville VALUES ('Lyon','France');
insert into Ville VALUES ('Grenoble','France');
insert into Ville VALUES ('Bordeaux','France');
insert into Ville VALUES ('Madrid','Espagne');
insert into Ville VALUES ('Barcelone','Espagne');
insert into Ville VALUES ('Valence','Espagne');
insert into Ville VALUES ('Tarragone','Espagne');
insert into Ville VALUES ('Bilbao','Espagne');
insert into Ville VALUES ('Seville','Espagne');
insert into Ville VALUES ('Helsinki','Finlande');
insert into Ville VALUES ('Turku','Finlande');
insert into Ville VALUES ('Tampere','Finlande');
insert into Ville VALUES ('Vaasa','Finlande');
insert into Ville VALUES ('Kuopio','Finlande');
insert into Ville VALUES ('Oulu','Finlande');
insert into Ville VALUES ('Sydney','Australie');
insert into Ville VALUES ('Melbourne','Australie');
insert into Ville VALUES ('Perth','Australie');
insert into Ville VALUES ('Brisbane','Australie');
insert into Ville VALUES ('Cairns','Australie');
insert into Ville VALUES ('Coral Bay','Australie');
insert into Ville VALUES ('Londres','Angleterre');
insert into Ville VALUES ('Cardiff','Angleterre');
insert into Ville VALUES ('Manchester','Angleterre');
insert into Ville VALUES ('Bristol','Angleterre');
insert into Ville VALUES ('Plymouth','Angleterre');
insert into Ville VALUES ('Oxford','Angleterre');
insert into Ville VALUES ('Rome','Italie');
insert into Ville VALUES ('Venise','Italie');
insert into Ville VALUES ('Naples','Italie');
insert into Ville VALUES ('Milan','Italie');
insert into Ville VALUES ('Turin','Italie');
insert into Ville VALUES ('Bari','Italie');
insert into LieuAvisiter VALUES ('stadium','New York','Etats unis','129 boulevard Kiloa','Edifice spectaculaire témoignant un engouement sportif populaire','10');
insert into LieuAvisiter VALUES ('parc naturel','New York','Etats unis','67 chemin Ahomet','Profitez de cet authentique espace naturel, préservé de toute influence humaine !','0');
insert into LieuAvisiter VALUES ('un jardin fleuri','New York','Etats unis','42 route Idani Akram','Jardin de renommée mondiale. Sa splendeur rivalise avec la beauté des cieux','6');
insert into LieuAvisiter VALUES ('musée Histoire','Las vegas','Etats unis','32 chemin Kiloa','musée de renommée mondiale permettant de diversifier les connaissances historiques sur le pays visité','5');
insert into LieuAvisiter VALUES ('cirque','Atlanta','Etats unis','25 rue Kin Jan un','cratère causé par une météorite rarissime! Très impressionant','5');
insert into LieuAvisiter VALUES ('centre ville','Miami','Etats unis','103 chemin De la montagne','centre culturel et historique de la ville','0');
insert into LieuAvisiter VALUES ('une ruine','Miami','Etats unis','28 chemin Collet Christine','vestige datant de la période de suprématie Romaine','0');
insert into LieuAvisiter VALUES ('chateau fort','Springfield','Etats unis','1 rue Des Lilas','Pont-levis, douves et meurtrières, entrez dans un univers médiéval','20');
insert into LieuAvisiter VALUES ('stadium','Bend','Etats unis','7 avenue Bobineau Christophe','Edifice spectaculaire témoignant un engouement sportif populaire','10');
insert into LieuAvisiter VALUES ('un jardin fleuri','Bend','Etats unis','113 boulevard De la conquete spatiale','Jardin de renommée mondiale. Sa splendeur rivalise avec la beauté des cieux','6');
insert into LieuAvisiter VALUES ('chateau pas fort','Paris','France','16 boulevard De la conquete spatiale','un chateau on ne peut plus quelconque. Allez le visiter !','30');
insert into LieuAvisiter VALUES ('chateau fort','Paris','France','128 rue Paris','Pont-levis, douves et meurtrières, entrez dans un univers médiéval','20');
insert into LieuAvisiter VALUES ('chateau fort','Paris','France','129 boulevard De la montagne','Pont-levis, douves et meurtrières, entrez dans un univers médiéval','20');
insert into LieuAvisiter VALUES ('un jardin fleuri','Marseille','France','118 boulevard De la littérature','Jardin de renommée mondiale. Sa splendeur rivalise avec la beauté des cieux','6');
insert into LieuAvisiter VALUES ('vieille batisse','Toulouse','France','43 boulevard Kiloa','Demeure ancestrale, ayant jouer un rôle historique. Nous vous laissons découvrir pourquoi','7');
insert into LieuAvisiter VALUES ('une belle statue','Lyon','France','143 boulevard De la 1ere Guerre Mondiale','Statue de personnage historique','0');
insert into LieuAvisiter VALUES ('musée sculptures','Lyon','France','89 route De la paix dans le monde','Présentation de sculptures parmi les plus connues du pays','3');
insert into LieuAvisiter VALUES ('une belle statue','Lyon','France','54 rue De la Physique','Statue de personnage historique','0');
insert into LieuAvisiter VALUES ('stadium','Grenoble','France','116 avenue Bobineau Christophe','Edifice spectaculaire témoignant un engouement sportif populaire','10');
insert into LieuAvisiter VALUES ('vieille batisse','Grenoble','France','45 avenue Newton','Demeure ancestrale, ayant jouer un rôle historique. Nous vous laissons découvrir pourquoi','7');
insert into LieuAvisiter VALUES ('haut bulding','Bordeaux','France','23 rue Kiloa',' Edifice moderne, prouesse architectural du pays','0');
insert into LieuAvisiter VALUES ('chateau pas fort','Madrid','Espagne','70 rue Caillaoue','un chateau on ne peut plus quelconque. Allez le visiter !','30');
insert into LieuAvisiter VALUES ('musée Histoire','Barcelone','Espagne','54 rue Paris','musée de renommée mondiale permettant de diversifier les connaissances historiques sur le pays visité','5');
insert into LieuAvisiter VALUES ('musée Histoire','Barcelone','Espagne','113 boulevard Du lac','musée de renommée mondiale permettant de diversifier les connaissances historiques sur le pays visité','5');
insert into LieuAvisiter VALUES ('cirque','Barcelone','Espagne','129 chemin Bsaybes Sahar','cratère causé par une météorite rarissime! Très impressionant','5');
insert into LieuAvisiter VALUES ('haut bulding','Valence','Espagne','120 route Okarin',' Edifice moderne, prouesse architectural du pays','0');
insert into LieuAvisiter VALUES ('chateau pas fort','Valence','Espagne','73 rue Des associations ternaires','un chateau on ne peut plus quelconque. Allez le visiter !','30');
insert into LieuAvisiter VALUES ('une ruine','Tarragone','Espagne','109 route Des Lilas','vestige datant de la période de suprématie Romaine','0');
insert into LieuAvisiter VALUES ('musée Histoire','Bilbao','Espagne','40 rue De la Physique','musée de renommée mondiale permettant de diversifier les connaissances historiques sur le pays visité','5');
insert into LieuAvisiter VALUES ('musée sculptures','Bilbao','Espagne','32 route De la montagne','Présentation de sculptures parmi les plus connues du pays','3');
insert into LieuAvisiter VALUES ('vieille batisse','Bilbao','Espagne','19 rue Des Lilas','Demeure ancestrale, ayant jouer un rôle historique. Nous vous laissons découvrir pourquoi','7');
insert into LieuAvisiter VALUES ('stadium','Seville','Espagne','106 rue Des embrumes','Edifice spectaculaire témoignant un engouement sportif populaire','10');
insert into LieuAvisiter VALUES ('une ruine','Seville','Espagne','13 route De la conquete spatiale','vestige datant de la période de suprématie Romaine','0');
insert into LieuAvisiter VALUES ('vieille batisse','Seville','Espagne','80 rue Des Mathématiques','Demeure ancestrale, ayant jouer un rôle historique. Nous vous laissons découvrir pourquoi','7');
insert into LieuAvisiter VALUES ('musée peintures','Helsinki','Finlande','130 rue Einstein','Présentation de diverses oeuvres artistiques parmi les plus connues du pays','6');
insert into LieuAvisiter VALUES ('parc naturel','Helsinki','Finlande','110 boulevard Florentin','Profitez de cet authentique espace naturel, préservé de toute influence humaine !','0');
insert into LieuAvisiter VALUES ('musée sculptures','Turku','Finlande','97 rue Newton','Présentation de sculptures parmi les plus connues du pays','3');
insert into LieuAvisiter VALUES ('chateau pas fort','Turku','Finlande','148 chemin Azare','un chateau on ne peut plus quelconque. Allez le visiter !','30');
insert into LieuAvisiter VALUES ('musée Histoire','Turku','Finlande','112 chemin Caillaoue','musée de renommée mondiale permettant de diversifier les connaissances historiques sur le pays visité','5');
insert into LieuAvisiter VALUES ('une belle statue','Tampere','Finlande','1 boulevard Ahlouche Maxence','Statue de personnage historique','0');
insert into LieuAvisiter VALUES ('cirque','Vaasa','Finlande','92 chemin Des associations ternaires','cratère causé par une météorite rarissime! Très impressionant','5');
insert into LieuAvisiter VALUES ('vieille batisse','Kuopio','Finlande','103 chemin Einstein','Demeure ancestrale, ayant jouer un rôle historique. Nous vous laissons découvrir pourquoi','7');
insert into LieuAvisiter VALUES ('musée Histoire','Kuopio','Finlande','57 route Ahomet','musée de renommée mondiale permettant de diversifier les connaissances historiques sur le pays visité','5');
insert into LieuAvisiter VALUES ('chateau fort','Kuopio','Finlande','127 boulevard Florin','Pont-levis, douves et meurtrières, entrez dans un univers médiéval','20');
insert into LieuAvisiter VALUES ('un jardin fleuri','Oulu','Finlande','131 avenue Kiloa','Jardin de renommée mondiale. Sa splendeur rivalise avec la beauté des cieux','6');
insert into LieuAvisiter VALUES ('une ruine','Oulu','Finlande','66 chemin De la 1ere Guerre Mondiale','vestige datant de la période de suprématie Romaine','0');
insert into LieuAvisiter VALUES ('centre ville','Oulu','Finlande','92 rue Kiloa','centre culturel et historique de la ville','0');
insert into LieuAvisiter VALUES ('musée peintures','Sydney','Australie','64 avenue Collet Christine','Présentation de diverses oeuvres artistiques parmi les plus connues du pays','6');
insert into LieuAvisiter VALUES ('cirque','Sydney','Australie','137 chemin De la 1ere Guerre Mondiale','cratère causé par une météorite rarissime! Très impressionant','5');
insert into LieuAvisiter VALUES ('haut bulding','Sydney','Australie','60 chemin Caillaoue',' Edifice moderne, prouesse architectural du pays','0');
insert into LieuAvisiter VALUES ('cirque','Melbourne','Australie','118 rue Bsaybes Sahar','cratère causé par une météorite rarissime! Très impressionant','5');
insert into LieuAvisiter VALUES ('une ruine','Melbourne','Australie','38 boulevard De la paix dans le monde','vestige datant de la période de suprématie Romaine','0');
insert into LieuAvisiter VALUES ('reserve naturelle','Perth','Australie','56 avenue Des Mathématiques','Confrontez vous à la faune et la flaure unique du pays','12');
insert into LieuAvisiter VALUES ('parc naturel','Brisbane','Australie','86 route Florin','Profitez de cet authentique espace naturel, préservé de toute influence humaine !','0');
insert into LieuAvisiter VALUES ('stadium','Brisbane','Australie','112 route De la 2eme Guerre Mondiale','Edifice spectaculaire témoignant un engouement sportif populaire','10');
insert into LieuAvisiter VALUES ('musée sculptures','Cairns','Australie','59 chemin Idani Akram','Présentation de sculptures parmi les plus connues du pays','3');
insert into LieuAvisiter VALUES ('une ruine','Cairns','Australie','110 route Ahomet','vestige datant de la période de suprématie Romaine','0');
insert into LieuAvisiter VALUES ('musée Histoire','Cairns','Australie','80 route Cinar Yagmur Gizem','musée de renommée mondiale permettant de diversifier les connaissances historiques sur le pays visité','5');
insert into LieuAvisiter VALUES ('reserve naturelle','Coral Bay','Australie','35 avenue Ahomet','Confrontez vous à la faune et la flaure unique du pays','12');
insert into LieuAvisiter VALUES ('musée sculptures','Londres','Angleterre','71 boulevard De la montagne','Présentation de sculptures parmi les plus connues du pays','3');
insert into LieuAvisiter VALUES ('reserve naturelle','Cardiff','Angleterre','6 route Kiloa','Confrontez vous à la faune et la flaure unique du pays','12');
insert into LieuAvisiter VALUES ('reserve naturelle','Cardiff','Angleterre','39 rue Des Lilas','Confrontez vous à la faune et la flaure unique du pays','12');
insert into LieuAvisiter VALUES ('une belle statue','Cardiff','Angleterre','48 chemin De la montagne','Statue de personnage historique','0');
insert into LieuAvisiter VALUES ('centre ville','Manchester','Angleterre','1 rue De la littérature','centre culturel et historique de la ville','0');
insert into LieuAvisiter VALUES ('musée sculptures','Manchester','Angleterre','113 rue Des embrumes','Présentation de sculptures parmi les plus connues du pays','3');
insert into LieuAvisiter VALUES ('haut bulding','Manchester','Angleterre','46 route YarmaPilian',' Edifice moderne, prouesse architectural du pays','0');
insert into LieuAvisiter VALUES ('reserve naturelle','Bristol','Angleterre','42 boulevard Florin','Confrontez vous à la faune et la flaure unique du pays','12');
insert into LieuAvisiter VALUES ('une belle statue','Plymouth','Angleterre','115 boulevard Okarin','Statue de personnage historique','0');
insert into LieuAvisiter VALUES ('musée peintures','Plymouth','Angleterre','27 boulevard Bobineau Christophe','Présentation de diverses oeuvres artistiques parmi les plus connues du pays','6');
insert into LieuAvisiter VALUES ('musée Histoire','Oxford','Angleterre','31 avenue Des Lilas','musée de renommée mondiale permettant de diversifier les connaissances historiques sur le pays visité','5');
insert into LieuAvisiter VALUES ('vieille batisse','Oxford','Angleterre','52 route Newton','Demeure ancestrale, ayant jouer un rôle historique. Nous vous laissons découvrir pourquoi','7');
insert into LieuAvisiter VALUES ('chateau fort','Oxford','Angleterre','129 chemin De la paix dans le monde','Pont-levis, douves et meurtrières, entrez dans un univers médiéval','20');
insert into LieuAvisiter VALUES ('reserve naturelle','Rome','Italie','26 chemin Des Lilas','Confrontez vous à la faune et la flaure unique du pays','12');
insert into LieuAvisiter VALUES ('stadium','Rome','Italie','93 route De la 1ere Guerre Mondiale','Edifice spectaculaire témoignant un engouement sportif populaire','10');
insert into LieuAvisiter VALUES ('vieille batisse','Venise','Italie','118 route Florentin','Demeure ancestrale, ayant jouer un rôle historique. Nous vous laissons découvrir pourquoi','7');
insert into LieuAvisiter VALUES ('chateau pas fort','Naples','Italie','133 chemin Collet Christine','un chateau on ne peut plus quelconque. Allez le visiter !','30');
insert into LieuAvisiter VALUES ('vieille batisse','Milan','Italie','44 rue Florin','Demeure ancestrale, ayant jouer un rôle historique. Nous vous laissons découvrir pourquoi','7');
insert into LieuAvisiter VALUES ('chateau pas fort','Milan','Italie','71 route Caillaoue','un chateau on ne peut plus quelconque. Allez le visiter !','30');
insert into LieuAvisiter VALUES ('un jardin fleuri','Turin','Italie','46 boulevard Collet Christine','Jardin de renommée mondiale. Sa splendeur rivalise avec la beauté des cieux','6');
insert into LieuAvisiter VALUES ('un jardin fleuri','Turin','Italie','84 boulevard De la conquete spatiale','Jardin de renommée mondiale. Sa splendeur rivalise avec la beauté des cieux','6');
insert into LieuAvisiter VALUES ('une belle statue','Turin','Italie','145 rue Azare','Statue de personnage historique','0');
insert into LieuAvisiter VALUES ('chateau pas fort','Bari','Italie','107 chemin De la paix dans le monde','un chateau on ne peut plus quelconque. Allez le visiter !','30');
insert into Hotel VALUES ('Best Western','New York','Etats unis','123 avenue Bsaybes Sahar','143','38');
insert into Hotel VALUES ('Mercure','Las vegas','Etats unis','34 boulevard Des associations ternaires','152','NULL');
insert into Hotel VALUES ('Ibis','Atlanta','Etats unis','136 avenue De la 1ere Guerre Mondiale','318','29');
insert into Hotel VALUES ('Novotel','Atlanta','Etats unis','126 chemin Kin Jan un','298','29');
insert into Hotel VALUES ('hotel F1','Atlanta','Etats unis','136 route Azare','367','25');
insert into Hotel VALUES ('Campanile','Miami','Etats unis','128 rue Ahlouche Maxence','242','39');
insert into Hotel VALUES ('Mercure','Springfield','Etats unis','118 route Einstein','297','16');
insert into Hotel VALUES ('Sofitel','Springfield','Etats unis','64 rue Caillaoue','451','19');
insert into Hotel VALUES ('Contact Hôtel','Bend','Etats unis','116 rue De la conquete spatiale','201','17');
insert into Hotel VALUES ('Balladins','Paris','France','80 avenue Des Lilas','64','14');
insert into Hotel VALUES ('Sofitel','Paris','France','80 rue Bobineau Christophe','109','29');
insert into Hotel VALUES ('SEH','Paris','France','91 boulevard Kin Jan un','491','34');
insert into Hotel VALUES ('hotel F1','Marseille','France','66 avenue Ahomet','497','17');
insert into Hotel VALUES ('Citôtel','Marseille','France','114 chemin Idani Akram','364','12');
insert into Hotel VALUES ('Citôtel','Toulouse','France','53 route YarmaPilian','338','36');
insert into Hotel VALUES ('Citôtel','Lyon','France','60 rue Florentin','266','33');
insert into Hotel VALUES ('Kyriad','Grenoble','France','55 boulevard Newton','99','23');
insert into Hotel VALUES ('SEH','Bordeaux','France','139 chemin Du lac','410','45');
insert into Hotel VALUES ('Mercure','Bordeaux','France','123 route Cinar Yagmur Gizem','211','NULL');
insert into Hotel VALUES ('SEH','Madrid','Espagne','47 rue De la 1ere Guerre Mondiale','396','36');
insert into Hotel VALUES ('Best Western','Barcelone','Espagne','101 rue Ahomet','205','15');
insert into Hotel VALUES ('hotel F1','Barcelone','Espagne','147 avenue Des embrumes','113','42');
insert into Hotel VALUES ('Novotel','Valence','Espagne','117 boulevard Des associations ternaires','379','35');
insert into Hotel VALUES ('Ibis','Tarragone','Espagne','141 route Des Lilas','192','30');
insert into Hotel VALUES ('Mercure','Bilbao','Espagne','8 avenue Ahomet','263','27');
insert into Hotel VALUES ('Contact Hôtel','Bilbao','Espagne','53 rue Rene Cotty','179','40');
insert into Hotel VALUES ('Premiere classe','Seville','Espagne','77 boulevard Des Mathématiques','399','22');
insert into Hotel VALUES ('hotel F1','Seville','Espagne','75 route Rene Cotty','304','28');
insert into Hotel VALUES ('Sofitel','Seville','Espagne','1 avenue Bobineau Christophe','165','16');
insert into Hotel VALUES ('Campanile','Helsinki','Finlande','67 chemin Des embrumes','393','NULL');
insert into Hotel VALUES ('Novotel','Turku','Finlande','68 route Kin Jan un','432','42');
insert into Hotel VALUES ('Best Western','Turku','Finlande','25 rue Du lac','139','44');
insert into Hotel VALUES ('Best Western','Tampere','Finlande','73 rue Caillaoue','165','NULL');
insert into Hotel VALUES ('Novotel','Vaasa','Finlande','34 chemin De la montagne','214','44');
insert into Hotel VALUES ('Campanile','Vaasa','Finlande','86 boulevard Bsaybes Sahar','233','NULL');
insert into Hotel VALUES ('Kyriad','Kuopio','Finlande','109 boulevard Kiloa','238','29');
insert into Hotel VALUES ('Logis Hotels','Oulu','Finlande','80 rue De la paix dans le monde','458','33');
insert into Hotel VALUES ('Sofitel','Oulu','Finlande','23 avenue Kin Jan un','106','25');
insert into Hotel VALUES ('Logis Hotels','Oulu','Finlande','149 avenue Ahomet','93','NULL');
insert into Hotel VALUES ('Mercure','Sydney','Australie','31 route Idani Akram','442','NULL');
insert into Hotel VALUES ('Ibis','Melbourne','Australie','80 route Du lac','274','37');
insert into Hotel VALUES ('Logis Hotels','Melbourne','Australie','25 chemin Du lac','301','27');
insert into Hotel VALUES ('Citôtel','Perth','Australie','45 avenue De la montagne','161','10');
insert into Hotel VALUES ('Logis Hotels','Perth','Australie','141 chemin De la 2eme Guerre Mondiale','261','NULL');
insert into Hotel VALUES ('Mercure','Perth','Australie','114 chemin Florentin','94','45');
insert into Hotel VALUES ('hotel F1','Brisbane','Australie','60 rue Des Mathématiques','444','23');
insert into Hotel VALUES ('Premiere classe','Brisbane','Australie','120 route Florin','209','NULL');
insert into Hotel VALUES ('Best Western','Brisbane','Australie','16 boulevard Cinar Yagmur Gizem','277','33');
insert into Hotel VALUES ('Kyriad','Cairns','Australie','40 rue Des associations ternaires','97','14');
insert into Hotel VALUES ('SEH','Cairns','Australie','4 avenue Du lac','70','41');
insert into Hotel VALUES ('Sofitel','Cairns','Australie','14 route Des embrumes','96','38');
insert into Hotel VALUES ('hotel F1','Coral Bay','Australie','24 rue Caillaoue','278','40');
insert into Hotel VALUES ('Ibis','Londres','Angleterre','14 avenue Bsaybes Sahar','404','28');
insert into Hotel VALUES ('Citôtel','Londres','Angleterre','141 route Einstein','268','21');
insert into Hotel VALUES ('SEH','Londres','Angleterre','42 route YarmaPilian','208','NULL');
insert into Hotel VALUES ('Novotel','Cardiff','Angleterre','106 avenue Einstein','407','13');
insert into Hotel VALUES ('Citôtel','Cardiff','Angleterre','66 chemin Einstein','131','18');
insert into Hotel VALUES ('hotel F1','Manchester','Angleterre','141 route Bobineau Christophe','352','11');
insert into Hotel VALUES ('Logis Hotels','Manchester','Angleterre','115 route De la montagne','120','40');
insert into Hotel VALUES ('hotel F1','Bristol','Angleterre','3 route De la littérature','453','29');
insert into Hotel VALUES ('Citôtel','Plymouth','Angleterre','53 boulevard Florentin','243','47');
insert into Hotel VALUES ('Campanile','Oxford','Angleterre','5 chemin De la Physique','404','22');
insert into Hotel VALUES ('Campanile','Oxford','Angleterre','148 avenue Bobineau Christophe','239','37');
insert into Hotel VALUES ('Citôtel','Rome','Italie','87 route Des Lilas','406','49');
insert into Hotel VALUES ('B&B Hôtels','Venise','Italie','113 rue Einstein','492','31');
insert into Hotel VALUES ('Ibis','Venise','Italie','70 chemin De la littérature','292','25');
insert into Hotel VALUES ('Balladins','Naples','Italie','47 rue Cinar Yagmur Gizem','306','50');
insert into Hotel VALUES ('Kyriad','Naples','Italie','34 boulevard Paris','147','28');
insert into Hotel VALUES ('Ibis','Milan','Italie','80 rue Galileo','422','NULL');
insert into Hotel VALUES ('Best Western','Milan','Italie','83 avenue Du lac','486','31');
insert into Hotel VALUES ('Premiere classe','Milan','Italie','120 boulevard Paris','366','11');
insert into Hotel VALUES ('Campanile','Turin','Italie','1 chemin Cinar Yagmur Gizem','465','43');
insert into Hotel VALUES ('Premiere classe','Turin','Italie','61 boulevard Kin Jan un','387','13');
insert into Hotel VALUES ('Kyriad','Turin','Italie','11 boulevard Florentin','301','NULL');
insert into Hotel VALUES ('Campanile','Bari','Italie','12 avenue Du lac','399','36');
insert into DateCircuit VALUES ('1','2018-3-20','55');
insert into DateCircuit VALUES ('1','2018-5-25','73');
insert into DateCircuit VALUES ('1','2018-12-18','29');
insert into DateCircuit VALUES ('1','2018-6-17','96');
insert into DateCircuit VALUES ('1','2018-9-14','80');
insert into DateCircuit VALUES ('1','2018-5-2','65');
insert into DateCircuit VALUES ('1','2018-4-28','16');
insert into DateCircuit VALUES ('1','2018-4-13','25');
insert into DateCircuit VALUES ('1','2018-9-5','98');
insert into DateCircuit VALUES ('1','2018-4-6','22');
insert into DateCircuit VALUES ('2','2018-9-6','71');
insert into DateCircuit VALUES ('2','2018-4-17','13');
insert into DateCircuit VALUES ('2','2018-7-20','96');
insert into DateCircuit VALUES ('2','2018-12-7','37');
insert into DateCircuit VALUES ('2','2018-12-24','80');
insert into DateCircuit VALUES ('2','2018-6-10','58');
insert into DateCircuit VALUES ('2','2018-8-25','95');
insert into DateCircuit VALUES ('2','2018-8-11','72');
insert into DateCircuit VALUES ('2','2018-6-7','79');
insert into DateCircuit VALUES ('2','2018-10-12','60');
insert into DateCircuit VALUES ('2','2018-4-21','23');
insert into DateCircuit VALUES ('2','2018-9-28','56');
insert into DateCircuit VALUES ('2','2018-8-18','29');
insert into DateCircuit VALUES ('2','2018-6-14','18');
insert into DateCircuit VALUES ('2','2018-6-6','37');
insert into DateCircuit VALUES ('2','2018-9-28','60');
insert into DateCircuit VALUES ('2','2018-12-5','97');
insert into DateCircuit VALUES ('2','2018-7-15','88');
insert into DateCircuit VALUES ('2','2018-9-9','35');
insert into DateCircuit VALUES ('3','2018-4-9','12');
insert into DateCircuit VALUES ('3','2018-2-10','49');
insert into DateCircuit VALUES ('3','2018-11-7','57');
insert into DateCircuit VALUES ('3','2018-10-3','91');
insert into DateCircuit VALUES ('3','2018-5-8','43');
insert into DateCircuit VALUES ('3','2018-5-16','40');
insert into DateCircuit VALUES ('3','2018-4-8','47');
insert into DateCircuit VALUES ('3','2018-8-18','12');
insert into DateCircuit VALUES ('3','2018-6-13','46');
insert into DateCircuit VALUES ('3','2018-7-22','60');
insert into DateCircuit VALUES ('3','2018-8-2','31');
insert into DateCircuit VALUES ('3','2018-12-31','69');
insert into DateCircuit VALUES ('3','2018-9-25','42');
insert into DateCircuit VALUES ('4','2018-12-8','23');
insert into DateCircuit VALUES ('4','2018-6-8','60');
insert into DateCircuit VALUES ('4','2018-11-6','88');
insert into DateCircuit VALUES ('4','2018-9-14','39');
insert into DateCircuit VALUES ('4','2018-3-5','54');
insert into DateCircuit VALUES ('4','2018-2-6','45');
insert into DateCircuit VALUES ('4','2018-5-20','69');
insert into DateCircuit VALUES ('5','2018-7-8','41');
insert into DateCircuit VALUES ('5','2018-6-29','25');
insert into DateCircuit VALUES ('5','2018-7-22','99');
insert into DateCircuit VALUES ('5','2018-7-13','55');
insert into DateCircuit VALUES ('5','2018-2-17','96');
insert into DateCircuit VALUES ('5','2018-11-9','74');
insert into DateCircuit VALUES ('5','2018-9-10','54');
insert into DateCircuit VALUES ('5','2018-12-30','85');
insert into DateCircuit VALUES ('5','2018-1-9','14');
insert into DateCircuit VALUES ('5','2018-9-11','41');
insert into DateCircuit VALUES ('5','2018-1-12','34');
insert into DateCircuit VALUES ('6','2018-3-31','33');
insert into DateCircuit VALUES ('6','2018-6-25','20');
insert into DateCircuit VALUES ('6','2018-4-29','58');
insert into DateCircuit VALUES ('6','2018-2-14','48');
insert into DateCircuit VALUES ('6','2018-12-9','76');
insert into DateCircuit VALUES ('6','2018-10-16','98');
insert into DateCircuit VALUES ('6','2018-11-20','53');
insert into DateCircuit VALUES ('6','2018-1-1','49');
insert into DateCircuit VALUES ('6','2018-2-25','43');
insert into DateCircuit VALUES ('6','2018-10-13','65');
insert into DateCircuit VALUES ('6','2018-5-6','37');
insert into DateCircuit VALUES ('6','2018-2-11','88');
insert into DateCircuit VALUES ('6','2018-3-7','24');
insert into DateCircuit VALUES ('6','2018-8-27','88');
insert into DateCircuit VALUES ('6','2018-1-4','88');
insert into Etapes VALUES ('1','1','parc naturel','Brisbane','Australie','0');
insert into Etapes VALUES ('1','2','un jardin fleuri','Turin','Italie','1');
insert into Etapes VALUES ('1','3','vieille batisse','Venise','Italie','2');
insert into Etapes VALUES ('2','1','chateau pas fort','Bari','Italie','3');
insert into Etapes VALUES ('2','2','un jardin fleuri','Turin','Italie','1');
insert into Etapes VALUES ('2','3','musée peintures','Plymouth','Angleterre','2');
insert into Etapes VALUES ('2','4','musée Histoire','Bilbao','Espagne','2');
insert into Etapes VALUES ('2','5','une ruine','Oulu','Finlande','0');
insert into Etapes VALUES ('2','6','un jardin fleuri','Turin','Italie','3');
insert into Etapes VALUES ('2','7','haut bulding','Manchester','Angleterre','3');
insert into Etapes VALUES ('2','8','musée peintures','Helsinki','Finlande','0');
insert into Etapes VALUES ('2','9','vieille batisse','Venise','Italie','3');
insert into Etapes VALUES ('2','10','chateau pas fort','Naples','Italie','2');
insert into Etapes VALUES ('3','1','chateau pas fort','Milan','Italie','3');
insert into Etapes VALUES ('3','2','musée sculptures','Lyon','France','0');
insert into Etapes VALUES ('3','3','reserve naturelle','Coral Bay','Australie','1');
insert into Etapes VALUES ('3','4','vieille batisse','Toulouse','France','3');
insert into Etapes VALUES ('4','1','stadium','New York','Etats unis','2');
insert into Etapes VALUES ('4','2','musée Histoire','Turku','Finlande','2');
insert into Etapes VALUES ('4','3','musée sculptures','Cairns','Australie','1');
insert into Etapes VALUES ('4','4','cirque','Vaasa','Finlande','2');
insert into Etapes VALUES ('4','5','haut bulding','Sydney','Australie','1');
insert into Etapes VALUES ('4','6','musée peintures','Helsinki','Finlande','2');
insert into Etapes VALUES ('4','7','chateau pas fort','Naples','Italie','3');
insert into Etapes VALUES ('4','8','reserve naturelle','Perth','Australie','3');
insert into Etapes VALUES ('4','9','musée peintures','Helsinki','Finlande','1');
insert into Etapes VALUES ('4','10','une ruine','Tarragone','Espagne','0');
insert into Etapes VALUES ('5','1','reserve naturelle','Bristol','Angleterre','2');
insert into Etapes VALUES ('5','2','reserve naturelle','Rome','Italie','3');
insert into Etapes VALUES ('5','3','stadium','Grenoble','France','0');
insert into Etapes VALUES ('5','4','haut bulding','Manchester','Angleterre','3');
insert into Etapes VALUES ('5','5','musée Histoire','Cairns','Australie','1');
insert into Etapes VALUES ('5','6','un jardin fleuri','Oulu','Finlande','1');
insert into Etapes VALUES ('5','7','musée sculptures','Manchester','Angleterre','3');
insert into Etapes VALUES ('6','1','une belle statue','Tampere','Finlande','1');
insert into Etapes VALUES ('6','2','musée peintures','Helsinki','Finlande','2');
insert into Etapes VALUES ('6','3','parc naturel','Brisbane','Australie','1');
insert into Etapes VALUES ('6','4','stadium','Seville','Espagne','2');
insert into Etapes VALUES ('6','5','vieille batisse','Kuopio','Finlande','0');
insert into Etapes VALUES ('6','6','reserve naturelle','Bristol','Angleterre','0');
insert into Etapes VALUES ('6','7','parc naturel','New York','Etats unis','0');
insert into Etapes VALUES ('6','8','haut bulding','Manchester','Angleterre','2');
insert into Etapes VALUES ('6','9','centre ville','Oulu','Finlande','1');
insert into Etapes VALUES ('6','10','musée Histoire','Cairns','Australie','2');
insert into Circuit VALUES ('1','Suivez-nous dans cette aventure exceptionnelle !','Brisbane','Australie','Venise','Italie','3','300');
insert into Circuit VALUES ('2','Un voyage dépaysant ! Découvrez des lieux uniques','Bari','Italie','Naples','Italie','19','200');
insert into Circuit VALUES ('3','Un très mauvais rapport qualité/prix !','Milan','Italie','Toulouse','France','7','200');
insert into Circuit VALUES ('4','Tous les retours sont unanimes : <sans interêt> !','New York','Etats unis','Tarragone','Espagne','17','700');
insert into Circuit VALUES ('5','Une évasion spirituelle bénéfique !','Bristol','Angleterre','Manchester','Angleterre','13','200');
insert into Circuit VALUES ('6','Ne rêvez plus, vivez le maintenant !','Tampere','Finlande','Cairns','Australie','11','800');
