insert into Ville VALUES ('New York','Etats unis');
insert into Ville VALUES ('Las vegas','Etats unis');
insert into Ville VALUES ('Atlanta','Etats unis');
insert into Ville VALUES ('Miami','Etats unis');
insert into Ville VALUES ('Springfield','Etats unis');
insert into Ville VALUES ('Bend','Etats unis');
insert into Ville VALUES ('Paris','France');
insert into Ville VALUES ('Marseille','France');
insert into Ville VALUES ('Toulouse','France');
insert into Ville VALUES ('Lyon','France');
insert into Ville VALUES ('Grenoble','France');
insert into Ville VALUES ('Bordeaux','France');
insert into Ville VALUES ('Madrid','Espagne');
insert into Ville VALUES ('Barcelone','Espagne');
insert into Ville VALUES ('Valence','Espagne');
insert into Ville VALUES ('Tarragone','Espagne');
insert into Ville VALUES ('Bilbao','Espagne');
insert into Ville VALUES ('Seville','Espagne');
insert into Ville VALUES ('Helsinki','Finlande');
insert into Ville VALUES ('Turku','Finlande');
insert into Ville VALUES ('Tampere','Finlande');
insert into Ville VALUES ('Vaasa','Finlande');
insert into Ville VALUES ('Kuopio','Finlande');
insert into Ville VALUES ('Oulu','Finlande');
insert into Ville VALUES ('Sydney','Australie');
insert into Ville VALUES ('Melbourne','Australie');
insert into Ville VALUES ('Perth','Australie');
insert into Ville VALUES ('Brisbane','Australie');
insert into Ville VALUES ('Cairns','Australie');
insert into Ville VALUES ('Coral Bay','Australie');
insert into Ville VALUES ('Londres','Angleterre');
insert into Ville VALUES ('Cardiff','Angleterre');
insert into Ville VALUES ('Manchester','Angleterre');
insert into Ville VALUES ('Bristol','Angleterre');
insert into Ville VALUES ('Plymouth','Angleterre');
insert into Ville VALUES ('Oxford','Angleterre');
insert into Ville VALUES ('Rome','Italie');
insert into Ville VALUES ('Venise','Italie');
insert into Ville VALUES ('Naples','Italie');
insert into Ville VALUES ('Milan','Italie');
insert into Ville VALUES ('Turin','Italie');
insert into Ville VALUES ('Bari','Italie');
insert into LieuAvisiter VALUES ('musée peintures','New York','Etats unis','99 boulevard Bobineau Christophe','Présentation de diverses oeuvres artistiques parmi les plus connues du pays','6');
insert into LieuAvisiter VALUES ('stadium','Las vegas','Etats unis','32 chemin Bobineau Christophe','Edifice spectaculaire témoignant un engouement sportif populaire','10');
insert into LieuAvisiter VALUES ('stadium','Atlanta','Etats unis','38 route Cinar Yagmur Gizem','Edifice spectaculaire témoignant un engouement sportif populaire','10');
insert into LieuAvisiter VALUES ('un jardin fleuri','Atlanta','Etats unis','119 avenue Cinar Yagmur Gizem','Jardin de renommée mondiale. Sa splendeur rivalise avec la beauté des cieux','6');
insert into LieuAvisiter VALUES ('musée Histoire','Miami','Etats unis','16 route Ahomet','musée de renommée mondiale permettant de diversifier ses connaissances historiques','5');
insert into LieuAvisiter VALUES ('cirque','Springfield','Etats unis','57 route Florin','cratère causé par une météorite rarissime! Très impressionant','5');
insert into LieuAvisiter VALUES ('une belle statue','Springfield','Etats unis','138 avenue Kiloa','Statue de personnage historique','0');
insert into LieuAvisiter VALUES ('musée sculptures','Springfield','Etats unis','135 route Florin','Présentation de sculptures parmi les plus connues du pays','3');
insert into LieuAvisiter VALUES ('chateau fort','Bend','Etats unis','27 boulevard Newton','Pont-levis, douves et meurtrières, entrez dans un univers médiéval','20');
insert into LieuAvisiter VALUES ('vieille batisse','Paris','France','94 route De la 2eme Guerre Mondiale','Demeure ancestrale, ayant jouer un rôle historique. Nous vous laissons découvrir pourquoi','7');
insert into LieuAvisiter VALUES ('une ruine','Marseille','France','42 route Kiloa','vestige datant de la période de suprématie Romaine','0');
insert into LieuAvisiter VALUES ('musée sculptures','Marseille','France','136 boulevard YarmaPilian','Présentation de sculptures parmi les plus connues du pays','3');
insert into LieuAvisiter VALUES ('une belle statue','Toulouse','France','132 boulevard Des Mathématiques','Statue de personnage historique','0');
insert into LieuAvisiter VALUES ('haut bulding','Toulouse','France','49 avenue Paris',' Edifice moderne, prouesse architectural du pays','0');
insert into LieuAvisiter VALUES ('stadium','Lyon','France','56 boulevard Des associations ternaires','Edifice spectaculaire témoignant un engouement sportif populaire','10');
insert into LieuAvisiter VALUES ('centre ville','Grenoble','France','85 rue Bsaybes Sahar','centre culturel et historique de la ville','0');
insert into LieuAvisiter VALUES ('parc naturel','Grenoble','France','25 route Paris','Profitez de cet authentique espace naturel, préservé de toute influence humaine !','0');
insert into LieuAvisiter VALUES ('stadium','Grenoble','France','93 avenue Du lac','Edifice spectaculaire témoignant un engouement sportif populaire','10');
insert into LieuAvisiter VALUES ('un jardin fleuri','Bordeaux','France','136 chemin Paris','Jardin de renommée mondiale. Sa splendeur rivalise avec la beauté des cieux','6');
insert into LieuAvisiter VALUES ('stadium','Bordeaux','France','140 avenue De la montagne','Edifice spectaculaire témoignant un engouement sportif populaire','10');
insert into LieuAvisiter VALUES ('reserve naturelle','Madrid','Espagne','138 chemin De la 1ere Guerre Mondiale','Confrontez vous à la faune et la flaure unique du pays','12');
insert into LieuAvisiter VALUES ('haut bulding','Madrid','Espagne','63 chemin Bobineau Christophe',' Edifice moderne, prouesse architectural du pays','0');
insert into LieuAvisiter VALUES ('chateau fort','Madrid','Espagne','28 boulevard Kiloa','Pont-levis, douves et meurtrières, entrez dans un univers médiéval','20');
insert into LieuAvisiter VALUES ('centre ville','Barcelone','Espagne','57 route Kiloa','centre culturel et historique de la ville','0');
insert into LieuAvisiter VALUES ('chateau pas fort','Barcelone','Espagne','78 boulevard De la 1ere Guerre Mondiale','un chateau on ne peut plus quelconque. Allez le visiter !','30');
insert into LieuAvisiter VALUES ('musée sculptures','Barcelone','Espagne','128 route Bsaybes Sahar','Présentation de sculptures parmi les plus connues du pays','3');
insert into LieuAvisiter VALUES ('musée Histoire','Valence','Espagne','68 route Caillaoue','musée de renommée mondiale permettant de diversifier ses connaissances historiques','5');
insert into LieuAvisiter VALUES ('vieille batisse','Valence','Espagne','20 chemin Des embrumes','Demeure ancestrale, ayant jouer un rôle historique. Nous vous laissons découvrir pourquoi','7');
insert into LieuAvisiter VALUES ('musée sculptures','Valence','Espagne','11 route Ahlouche Maxence','Présentation de sculptures parmi les plus connues du pays','3');
insert into LieuAvisiter VALUES ('musée sculptures','Tarragone','Espagne','64 rue Ahomet','Présentation de sculptures parmi les plus connues du pays','3');
insert into LieuAvisiter VALUES ('vieille batisse','Bilbao','Espagne','128 rue Galileo','Demeure ancestrale, ayant jouer un rôle historique. Nous vous laissons découvrir pourquoi','7');
insert into LieuAvisiter VALUES ('chateau fort','Seville','Espagne','131 rue Cinar Yagmur Gizem','Pont-levis, douves et meurtrières, entrez dans un univers médiéval','20');
insert into LieuAvisiter VALUES ('parc naturel','Seville','Espagne','107 chemin Florin','Profitez de cet authentique espace naturel, préservé de toute influence humaine !','0');
insert into LieuAvisiter VALUES ('un jardin fleuri','Seville','Espagne','60 boulevard Azare','Jardin de renommée mondiale. Sa splendeur rivalise avec la beauté des cieux','6');
insert into LieuAvisiter VALUES ('un jardin fleuri','Helsinki','Finlande','42 boulevard De la montagne','Jardin de renommée mondiale. Sa splendeur rivalise avec la beauté des cieux','6');
insert into LieuAvisiter VALUES ('une ruine','Helsinki','Finlande','125 rue Du lac','vestige datant de la période de suprématie Romaine','0');
insert into LieuAvisiter VALUES ('stadium','Helsinki','Finlande','24 route Okarin','Edifice spectaculaire témoignant un engouement sportif populaire','10');
insert into LieuAvisiter VALUES ('musée Histoire','Turku','Finlande','73 avenue De la Physique','musée de renommée mondiale permettant de diversifier ses connaissances historiques','5');
insert into LieuAvisiter VALUES ('reserve naturelle','Turku','Finlande','27 rue Des embrumes','Confrontez vous à la faune et la flaure unique du pays','12');
insert into LieuAvisiter VALUES ('cirque','Turku','Finlande','18 avenue De la 2eme Guerre Mondiale','cratère causé par une météorite rarissime! Très impressionant','5');
insert into LieuAvisiter VALUES ('parc naturel','Tampere','Finlande','98 rue De la 2eme Guerre Mondiale','Profitez de cet authentique espace naturel, préservé de toute influence humaine !','0');
insert into LieuAvisiter VALUES ('parc naturel','Vaasa','Finlande','113 avenue De la paix dans le monde','Profitez de cet authentique espace naturel, préservé de toute influence humaine !','0');
insert into LieuAvisiter VALUES ('reserve naturelle','Vaasa','Finlande','25 chemin Kiloa','Confrontez vous à la faune et la flaure unique du pays','12');
insert into LieuAvisiter VALUES ('musée sculptures','Vaasa','Finlande','12 boulevard Des associations ternaires','Présentation de sculptures parmi les plus connues du pays','3');
insert into LieuAvisiter VALUES ('une belle statue','Kuopio','Finlande','10 route Ahomet','Statue de personnage historique','0');
insert into LieuAvisiter VALUES ('vieille batisse','Kuopio','Finlande','99 route Newton','Demeure ancestrale, ayant jouer un rôle historique. Nous vous laissons découvrir pourquoi','7');
insert into LieuAvisiter VALUES ('musée Histoire','Oulu','Finlande','27 route Bobineau Christophe','musée de renommée mondiale permettant de diversifier ses connaissances historiques','5');
insert into LieuAvisiter VALUES ('musée peintures','Oulu','Finlande','146 route Des embrumes','Présentation de diverses oeuvres artistiques parmi les plus connues du pays','6');
insert into LieuAvisiter VALUES ('stadium','Sydney','Australie','121 route Cinar Yagmur Gizem','Edifice spectaculaire témoignant un engouement sportif populaire','10');
insert into LieuAvisiter VALUES ('chateau pas fort','Melbourne','Australie','105 chemin Du lac','un chateau on ne peut plus quelconque. Allez le visiter !','30');
insert into LieuAvisiter VALUES ('reserve naturelle','Melbourne','Australie','57 route Paris','Confrontez vous à la faune et la flaure unique du pays','12');
insert into LieuAvisiter VALUES ('musée Histoire','Perth','Australie','74 route De la Physique','musée de renommée mondiale permettant de diversifier ses connaissances historiques','5');
insert into LieuAvisiter VALUES ('stadium','Perth','Australie','44 boulevard Paris','Edifice spectaculaire témoignant un engouement sportif populaire','10');
insert into LieuAvisiter VALUES ('parc naturel','Perth','Australie','36 chemin Cinar Yagmur Gizem','Profitez de cet authentique espace naturel, préservé de toute influence humaine !','0');
insert into LieuAvisiter VALUES ('cirque','Brisbane','Australie','135 route Florin','cratère causé par une météorite rarissime! Très impressionant','5');
insert into LieuAvisiter VALUES ('chateau pas fort','Brisbane','Australie','137 chemin Idani Akram','un chateau on ne peut plus quelconque. Allez le visiter !','30');
insert into LieuAvisiter VALUES ('un jardin fleuri','Cairns','Australie','72 route Des Lilas','Jardin de renommée mondiale. Sa splendeur rivalise avec la beauté des cieux','6');
insert into LieuAvisiter VALUES ('haut bulding','Cairns','Australie','16 boulevard Kin Jan un',' Edifice moderne, prouesse architectural du pays','0');
insert into LieuAvisiter VALUES ('chateau fort','Cairns','Australie','139 chemin Des associations ternaires','Pont-levis, douves et meurtrières, entrez dans un univers médiéval','20');
insert into LieuAvisiter VALUES ('musée Histoire','Coral Bay','Australie','54 route Newton','musée de renommée mondiale permettant de diversifier ses connaissances historiques','5');
insert into LieuAvisiter VALUES ('une belle statue','Coral Bay','Australie','71 boulevard Rene Cotty','Statue de personnage historique','0');
insert into LieuAvisiter VALUES ('chateau pas fort','Coral Bay','Australie','10 boulevard Kiloa','un chateau on ne peut plus quelconque. Allez le visiter !','30');
insert into LieuAvisiter VALUES ('chateau pas fort','Londres','Angleterre','94 route Florentin','un chateau on ne peut plus quelconque. Allez le visiter !','30');
insert into LieuAvisiter VALUES ('une belle statue','Londres','Angleterre','92 rue De la 1ere Guerre Mondiale','Statue de personnage historique','0');
insert into LieuAvisiter VALUES ('musée peintures','Londres','Angleterre','62 route Einstein','Présentation de diverses oeuvres artistiques parmi les plus connues du pays','6');
insert into LieuAvisiter VALUES ('vieille batisse','Cardiff','Angleterre','12 avenue Collet Christine','Demeure ancestrale, ayant jouer un rôle historique. Nous vous laissons découvrir pourquoi','7');
insert into LieuAvisiter VALUES ('stadium','Cardiff','Angleterre','94 rue Bobineau Christophe','Edifice spectaculaire témoignant un engouement sportif populaire','10');
insert into LieuAvisiter VALUES ('centre ville','Manchester','Angleterre','43 chemin Des Lilas','centre culturel et historique de la ville','0');
insert into LieuAvisiter VALUES ('musée peintures','Bristol','Angleterre','31 route De la conquete spatiale','Présentation de diverses oeuvres artistiques parmi les plus connues du pays','6');
insert into LieuAvisiter VALUES ('haut bulding','Bristol','Angleterre','82 avenue De la 1ere Guerre Mondiale',' Edifice moderne, prouesse architectural du pays','0');
insert into LieuAvisiter VALUES ('une belle statue','Bristol','Angleterre','19 avenue Des associations ternaires','Statue de personnage historique','0');
insert into LieuAvisiter VALUES ('musée Histoire','Plymouth','Angleterre','83 boulevard Des Lilas','musée de renommée mondiale permettant de diversifier ses connaissances historiques','5');
insert into LieuAvisiter VALUES ('stadium','Plymouth','Angleterre','136 boulevard Des associations ternaires','Edifice spectaculaire témoignant un engouement sportif populaire','10');
insert into LieuAvisiter VALUES ('haut bulding','Oxford','Angleterre','147 avenue De la 1ere Guerre Mondiale',' Edifice moderne, prouesse architectural du pays','0');
insert into LieuAvisiter VALUES ('une belle statue','Oxford','Angleterre','95 boulevard Des Lilas','Statue de personnage historique','0');
insert into LieuAvisiter VALUES ('vieille batisse','Rome','Italie','19 boulevard De la conquete spatiale','Demeure ancestrale, ayant jouer un rôle historique. Nous vous laissons découvrir pourquoi','7');
insert into LieuAvisiter VALUES ('cirque','Rome','Italie','132 avenue Caillaoue','cratère causé par une météorite rarissime! Très impressionant','5');
insert into LieuAvisiter VALUES ('une ruine','Venise','Italie','51 boulevard Bobineau Christophe','vestige datant de la période de suprématie Romaine','0');
insert into LieuAvisiter VALUES ('musée peintures','Naples','Italie','74 boulevard De la conquete spatiale','Présentation de diverses oeuvres artistiques parmi les plus connues du pays','6');
insert into LieuAvisiter VALUES ('musée Histoire','Milan','Italie','94 boulevard Florin','musée de renommée mondiale permettant de diversifier ses connaissances historiques','5');
insert into LieuAvisiter VALUES ('stadium','Milan','Italie','73 boulevard De la Physique','Edifice spectaculaire témoignant un engouement sportif populaire','10');
insert into LieuAvisiter VALUES ('vieille batisse','Turin','Italie','132 avenue Bsaybes Sahar','Demeure ancestrale, ayant jouer un rôle historique. Nous vous laissons découvrir pourquoi','7');
insert into LieuAvisiter VALUES ('parc naturel','Bari','Italie','126 rue Okarin','Profitez de cet authentique espace naturel, préservé de toute influence humaine !','0');
insert into LieuAvisiter VALUES ('musée sculptures','Bari','Italie','129 boulevard De la montagne','Présentation de sculptures parmi les plus connues du pays','3');
insert into LieuAvisiter VALUES ('centre ville','Bari','Italie','49 route Kiloa','centre culturel et historique de la ville','0');
insert into Hotel VALUES ('Kyriad','New York','Etats unis','13 boulevard Okarin','326','30','14');
insert into Hotel VALUES ('Logis Hotels','New York','Etats unis','17 avenue Florin','288','38','26');
insert into Hotel VALUES ('Novotel','New York','Etats unis','61 route De la Physique','259','31','17');
insert into Hotel VALUES ('Balladins','Las vegas','Etats unis','133 avenue Bobineau Christophe','158','50','48');
insert into Hotel VALUES ('Citôtel','Las vegas','Etats unis','26 rue Des Mathématiques','364','136','36');
insert into Hotel VALUES ('Sofitel','Atlanta','Etats unis','49 boulevard Idani Akram','319','51','15');
insert into Hotel VALUES ('Logis Hotels','Atlanta','Etats unis','39 avenue Paris','493','11','19');
insert into Hotel VALUES ('Contact Hôtel','Atlanta','Etats unis','68 rue Caillaoue','409','23','47');
insert into Hotel VALUES ('hotel F1','Miami','Etats unis','40 route De la Physique','354','43','11');
insert into Hotel VALUES ('B&B Hôtels','Miami','Etats unis','124 avenue De la 1ere Guerre Mondiale','430','60','28');
insert into Hotel VALUES ('B&B Hôtels','Springfield','Etats unis','81 boulevard Galileo','380','76','8');
insert into Hotel VALUES ('Balladins','Springfield','Etats unis','68 chemin Des associations ternaires','440','10','18');
insert into Hotel VALUES ('Logis Hotels','Bend','Etats unis','47 avenue De la 2eme Guerre Mondiale','323','144','39');
insert into Hotel VALUES ('Campanile','Paris','France','93 rue Ahlouche Maxence','368','130','43');
insert into Hotel VALUES ('Contact Hôtel','Paris','France','135 avenue Ahlouche Maxence','403','100','49');
insert into Hotel VALUES ('SEH','Paris','France','79 avenue YarmaPilian','281','61','26');
insert into Hotel VALUES ('Campanile','Marseille','France','149 route YarmaPilian','406','74','37');
insert into Hotel VALUES ('Premiere classe','Toulouse','France','55 boulevard De la Physique','127','30','17');
insert into Hotel VALUES ('Campanile','Toulouse','France','90 boulevard Bsaybes Sahar','282','53','42');
insert into Hotel VALUES ('Campanile','Lyon','France','106 route Des embrumes','139','87','19');
insert into Hotel VALUES ('Best Western','Grenoble','France','78 route Collet Christine','115','50','31');
insert into Hotel VALUES ('Logis Hotels','Grenoble','France','121 chemin Collet Christine','350','52','35');
insert into Hotel VALUES ('Novotel','Grenoble','France','30 chemin Ahomet','231','86','6');
insert into Hotel VALUES ('Contact Hôtel','Bordeaux','France','28 chemin De la Physique','416','24','15');
insert into Hotel VALUES ('Ibis','Madrid','Espagne','28 boulevard Kiloa','71','14','22');
insert into Hotel VALUES ('Citôtel','Barcelone','Espagne','49 chemin De la montagne','267','109','20');
insert into Hotel VALUES ('hotel F1','Barcelone','Espagne','68 route Des Mathématiques','421','102','29');
insert into Hotel VALUES ('Kyriad','Barcelone','Espagne','78 chemin De la conquete spatiale','447','15','11');
insert into Hotel VALUES ('B&B Hôtels','Valence','Espagne','103 avenue Kin Jan un','192','90','15');
insert into Hotel VALUES ('Novotel','Valence','Espagne','4 boulevard Paris','354','85','42');
insert into Hotel VALUES ('Best Western','Valence','Espagne','61 rue Rene Cotty','147','21','36');
insert into Hotel VALUES ('hotel F1','Tarragone','Espagne','50 boulevard De la littérature','195','90','6');
insert into Hotel VALUES ('Novotel','Bilbao','Espagne','92 route Des Lilas','88','24','14');
insert into Hotel VALUES ('Campanile','Bilbao','Espagne','113 boulevard Florentin','278','73','38');
insert into Hotel VALUES ('Ibis','Bilbao','Espagne','121 chemin YarmaPilian','304','12','33');
insert into Hotel VALUES ('Sofitel','Seville','Espagne','15 chemin Des Mathématiques','61','96','39');
insert into Hotel VALUES ('B&B Hôtels','Seville','Espagne','30 rue Des embrumes','223','100','43');
insert into Hotel VALUES ('Novotel','Seville','Espagne','105 chemin Galileo','177','102','30');
insert into Hotel VALUES ('Contact Hôtel','Helsinki','Finlande','138 rue Caillaoue','217','110','25');
insert into Hotel VALUES ('hotel F1','Turku','Finlande','141 rue Kiloa','160','40','21');
insert into Hotel VALUES ('Sofitel','Tampere','Finlande','45 boulevard Paris','389','121','10');
insert into Hotel VALUES ('Novotel','Tampere','Finlande','75 chemin Bobineau Christophe','70','51','12');
insert into Hotel VALUES ('Best Western','Vaasa','Finlande','38 boulevard De la conquete spatiale','320','148','39');
insert into Hotel VALUES ('Campanile','Kuopio','Finlande','44 boulevard Des Lilas','203','46','45');
insert into Hotel VALUES ('Citôtel','Kuopio','Finlande','45 boulevard Rene Cotty','216','116','31');
insert into Hotel VALUES ('B&B Hôtels','Oulu','Finlande','102 rue Paris','142','67','28');
insert into Hotel VALUES ('SEH','Oulu','Finlande','31 chemin Des Lilas','94','119','45');
insert into Hotel VALUES ('Best Western','Oulu','Finlande','77 rue De la conquete spatiale','335','22','26');
insert into Hotel VALUES ('Kyriad','Sydney','Australie','53 boulevard Collet Christine','92','43','44');
insert into Hotel VALUES ('SEH','Melbourne','Australie','125 route Idani Akram','278','67','13');
insert into Hotel VALUES ('Novotel','Melbourne','Australie','128 avenue Kiloa','139','123','13');
insert into Hotel VALUES ('hotel F1','Perth','Australie','26 route Rene Cotty','471','147','18');
insert into Hotel VALUES ('Ibis','Brisbane','Australie','7 rue Einstein','187','29','35');
insert into Hotel VALUES ('Contact Hôtel','Brisbane','Australie','103 boulevard Paris','168','98','41');
insert into Hotel VALUES ('hotel F1','Brisbane','Australie','74 avenue Des associations ternaires','304','12','39');
insert into Hotel VALUES ('Sofitel','Cairns','Australie','113 route Du lac','184','40','8');
insert into Hotel VALUES ('Novotel','Cairns','Australie','117 chemin Florin','229','14','46');
insert into Hotel VALUES ('SEH','Coral Bay','Australie','12 rue Idani Akram','130','34','30');
insert into Hotel VALUES ('Balladins','Coral Bay','Australie','4 boulevard Rene Cotty','428','45','21');
insert into Hotel VALUES ('Contact Hôtel','Coral Bay','Australie','112 boulevard De la conquete spatiale','492','146','37');
insert into Hotel VALUES ('Best Western','Londres','Angleterre','14 route Galileo','172','76','27');
insert into Hotel VALUES ('Novotel','Cardiff','Angleterre','43 boulevard Okarin','110','32','38');
insert into Hotel VALUES ('Contact Hôtel','Cardiff','Angleterre','112 avenue Caillaoue','264','34','20');
insert into Hotel VALUES ('Premiere classe','Cardiff','Angleterre','61 route De la 1ere Guerre Mondiale','426','80','26');
insert into Hotel VALUES ('hotel F1','Manchester','Angleterre','72 rue Florentin','450','118','11');
insert into Hotel VALUES ('Logis Hotels','Manchester','Angleterre','44 boulevard De la conquete spatiale','328','123','9');
insert into Hotel VALUES ('Kyriad','Manchester','Angleterre','48 boulevard Cinar Yagmur Gizem','321','149','29');
insert into Hotel VALUES ('SEH','Bristol','Angleterre','65 rue Collet Christine','443','84','20');
insert into Hotel VALUES ('Premiere classe','Bristol','Angleterre','52 chemin Idani Akram','432','79','44');
insert into Hotel VALUES ('Balladins','Plymouth','Angleterre','100 route De la 1ere Guerre Mondiale','226','41','46');
insert into Hotel VALUES ('Premiere classe','Plymouth','Angleterre','110 avenue De la montagne','326','15','42');
insert into Hotel VALUES ('Ibis','Plymouth','Angleterre','70 rue Bsaybes Sahar','498','136','25');
insert into Hotel VALUES ('Novotel','Oxford','Angleterre','30 boulevard Newton','167','83','41');
insert into Hotel VALUES ('Mercure','Oxford','Angleterre','81 rue De la Physique','52','41','39');
insert into Hotel VALUES ('Citôtel','Oxford','Angleterre','47 boulevard Bsaybes Sahar','463','86','30');
insert into Hotel VALUES ('Logis Hotels','Rome','Italie','12 route Des Lilas','184','13','47');
insert into Hotel VALUES ('SEH','Rome','Italie','64 route Caillaoue','434','36','28');
insert into Hotel VALUES ('Ibis','Rome','Italie','115 boulevard De la 1ere Guerre Mondiale','326','113','49');
insert into Hotel VALUES ('hotel F1','Venise','Italie','101 route De la littérature','135','99','38');
insert into Hotel VALUES ('Logis Hotels','Venise','Italie','91 chemin Bsaybes Sahar','404','29','26');
insert into Hotel VALUES ('Ibis','Venise','Italie','34 avenue De la littérature','206','67','26');
insert into Hotel VALUES ('Mercure','Naples','Italie','45 chemin Azare','235','129','34');
insert into Hotel VALUES ('B&B Hôtels','Naples','Italie','135 avenue Collet Christine','446','71','11');
insert into Hotel VALUES ('Best Western','Naples','Italie','43 boulevard Des Lilas','50','114','24');
insert into Hotel VALUES ('Novotel','Milan','Italie','92 route De la montagne','244','149','32');
insert into Hotel VALUES ('Citôtel','Milan','Italie','39 boulevard De la littérature','378','134','14');
insert into Hotel VALUES ('Mercure','Turin','Italie','142 rue De la 1ere Guerre Mondiale','332','46','48');
insert into Hotel VALUES ('Ibis','Turin','Italie','103 boulevard Des associations ternaires','148','59','24');
insert into Hotel VALUES ('hotel F1','Bari','Italie','67 rue De la 1ere Guerre Mondiale','277','107','42');
insert into Circuit VALUES ('1','Un très mauvais rapport qualité/prix !','Tampere','Finlande','Milan','Italie','9','600');
insert into Etapes VALUES ('1','1','parc naturel','Tampere','Finlande','2');
insert into Etapes VALUES ('1','2','chateau pas fort','Melbourne','Australie','3');
insert into Etapes VALUES ('1','3','une belle statue','Kuopio','Finlande','0');
insert into Etapes VALUES ('1','4','un jardin fleuri','Atlanta','Etats unis','0');
insert into Etapes VALUES ('1','5','un jardin fleuri','Seville','Espagne','2');
insert into Etapes VALUES ('1','6','stadium','Milan','Italie','2');
insert into Circuit VALUES ('2','Créez-vous des souvenirs impérissables !','Cardiff','Angleterre','Paris','France','2','500');
insert into Etapes VALUES ('2','1','stadium','Cardiff','Angleterre','1');
insert into Etapes VALUES ('2','2','vieille batisse','Paris','France','1');
insert into Circuit VALUES ('3','Une évasion spirituelle bénéfique !','Oxford','Angleterre','Valence','Espagne','21','600');
insert into Etapes VALUES ('3','1','haut bulding','Oxford','Angleterre','3');
insert into Etapes VALUES ('3','2','musée sculptures','Barcelone','Espagne','0');
insert into Etapes VALUES ('3','3','stadium','Bordeaux','France','2');
insert into Etapes VALUES ('3','4','vieille batisse','Kuopio','Finlande','3');
insert into Etapes VALUES ('3','5','reserve naturelle','Madrid','Espagne','3');
insert into Etapes VALUES ('3','6','parc naturel','Vaasa','Finlande','2');
insert into Etapes VALUES ('3','7','une belle statue','Coral Bay','Australie','3');
insert into Etapes VALUES ('3','8','haut bulding','Cairns','Australie','2');
insert into Etapes VALUES ('3','9','musée Histoire','Valence','Espagne','3');
insert into Circuit VALUES ('4','Tous les retours sont unanimes : <sans interêt> !','Bordeaux','France','Brisbane','Australie','7','700');
insert into Etapes VALUES ('4','1','stadium','Bordeaux','France','1');
insert into Etapes VALUES ('4','2','musée Histoire','Miami','Etats unis','3');
insert into Etapes VALUES ('4','3','centre ville','Manchester','Angleterre','1');
insert into Etapes VALUES ('4','4','chateau pas fort','Barcelone','Espagne','1');
insert into Etapes VALUES ('4','5','chateau pas fort','Brisbane','Australie','1');
insert into Circuit VALUES ('5','Un voyage dépaysant ! Découvrez des lieux uniques','Springfield','Etats unis','Helsinki','Finlande','13','700');
insert into Etapes VALUES ('5','1','musée sculptures','Springfield','Etats unis','2');
insert into Etapes VALUES ('5','2','chateau fort','Bend','Etats unis','3');
insert into Etapes VALUES ('5','3','musée sculptures','Barcelone','Espagne','1');
insert into Etapes VALUES ('5','4','parc naturel','Seville','Espagne','2');
insert into Etapes VALUES ('5','5','musée Histoire','Perth','Australie','0');
insert into Etapes VALUES ('5','6','chateau pas fort','Barcelone','Espagne','0');
insert into Etapes VALUES ('5','7','haut bulding','Toulouse','France','1');
insert into Etapes VALUES ('5','8','reserve naturelle','Madrid','Espagne','1');
insert into Etapes VALUES ('5','9','une ruine','Helsinki','Finlande','3');
insert into Circuit VALUES ('6','Ne rêvez plus, vivez le maintenant !','Las vegas','Etats unis','Helsinki','Finlande','16','400');
insert into Etapes VALUES ('6','1','stadium','Las vegas','Etats unis','3');
insert into Etapes VALUES ('6','2','musée peintures','Bristol','Angleterre','1');
insert into Etapes VALUES ('6','3','musée peintures','Naples','Italie','3');
insert into Etapes VALUES ('6','4','centre ville','Grenoble','France','0');
insert into Etapes VALUES ('6','5','centre ville','Barcelone','Espagne','3');
insert into Etapes VALUES ('6','6','musée sculptures','Barcelone','Espagne','3');
insert into Etapes VALUES ('6','7','un jardin fleuri','Helsinki','Finlande','3');
insert into DateCircuit VALUES ('1','20-NOV-2018','61');
insert into DateCircuit VALUES ('1','30-DEC-2018','75');
insert into DateCircuit VALUES ('1','11-APR-2018','23');
insert into DateCircuit VALUES ('1','2-SEP-2018','63');
insert into DateCircuit VALUES ('1','4-JUN-2018','20');
insert into DateCircuit VALUES ('1','8-SEP-2018','55');
insert into DateCircuit VALUES ('1','25-FEB-2018','82');
insert into DateCircuit VALUES ('1','7-JUL-2018','13');
insert into DateCircuit VALUES ('1','22-SEP-2018','52');
insert into DateCircuit VALUES ('1','6-JAN-2018','50');
insert into DateCircuit VALUES ('2','21-FEB-2018','11');
insert into DateCircuit VALUES ('2','26-OCT-2018','65');
insert into DateCircuit VALUES ('2','13-JUN-2018','95');
insert into DateCircuit VALUES ('2','7-SEP-2018','89');
insert into DateCircuit VALUES ('2','13-NOV-2018','41');
insert into DateCircuit VALUES ('2','13-MAY-2018','49');
insert into DateCircuit VALUES ('2','19-FEB-2018','48');
insert into DateCircuit VALUES ('2','14-AUG-2018','89');
insert into DateCircuit VALUES ('2','29-AUG-2018','19');
insert into DateCircuit VALUES ('2','28-FEB-2018','89');
insert into DateCircuit VALUES ('2','20-JAN-2018','77');
insert into DateCircuit VALUES ('3','22-MAR-2018','99');
insert into DateCircuit VALUES ('3','8-OCT-2018','89');
insert into DateCircuit VALUES ('3','9-JUL-2018','66');
insert into DateCircuit VALUES ('3','6-NOV-2018','12');
insert into DateCircuit VALUES ('3','3-JUL-2018','53');
insert into DateCircuit VALUES ('3','18-OCT-2018','67');
insert into DateCircuit VALUES ('3','23-APR-2018','87');
insert into DateCircuit VALUES ('3','18-JUN-2018','10');
insert into DateCircuit VALUES ('3','1-SEP-2018','13');
insert into DateCircuit VALUES ('3','17-AUG-2018','53');
insert into DateCircuit VALUES ('3','2-NOV-2018','94');
insert into DateCircuit VALUES ('3','11-NOV-2018','86');
insert into DateCircuit VALUES ('3','28-JUN-2018','25');
insert into DateCircuit VALUES ('3','12-APR-2018','45');
insert into DateCircuit VALUES ('3','13-MAY-2018','78');
insert into DateCircuit VALUES ('3','14-NOV-2018','64');
insert into DateCircuit VALUES ('3','25-NOV-2018','58');
insert into DateCircuit VALUES ('3','15-OCT-2018','83');
insert into DateCircuit VALUES ('3','16-SEP-2018','24');
insert into DateCircuit VALUES ('3','16-NOV-2018','71');
insert into DateCircuit VALUES ('4','3-JUN-2018','17');
insert into DateCircuit VALUES ('4','23-JUN-2018','29');
insert into DateCircuit VALUES ('4','2-NOV-2018','25');
insert into DateCircuit VALUES ('4','17-MAY-2018','84');
insert into DateCircuit VALUES ('4','26-OCT-2018','57');
insert into DateCircuit VALUES ('4','17-AUG-2018','41');
insert into DateCircuit VALUES ('4','11-MAR-2018','54');
insert into DateCircuit VALUES ('5','7-JAN-2018','24');
insert into DateCircuit VALUES ('5','2-MAY-2018','69');
insert into DateCircuit VALUES ('5','23-FEB-2018','93');
insert into DateCircuit VALUES ('5','8-JAN-2018','87');
insert into DateCircuit VALUES ('5','14-SEP-2018','13');
insert into DateCircuit VALUES ('5','3-JUL-2018','70');
insert into DateCircuit VALUES ('5','6-JAN-2018','36');
insert into DateCircuit VALUES ('5','3-NOV-2018','17');
insert into DateCircuit VALUES ('5','10-DEC-2018','81');
insert into DateCircuit VALUES ('5','26-JUL-2018','45');
insert into DateCircuit VALUES ('5','24-FEB-2018','14');
insert into DateCircuit VALUES ('5','6-JUL-2018','97');
insert into DateCircuit VALUES ('5','29-NOV-2018','77');
insert into DateCircuit VALUES ('5','29-AUG-2018','76');
insert into DateCircuit VALUES ('5','9-SEP-2018','91');
insert into DateCircuit VALUES ('5','30-MAR-2018','14');
insert into DateCircuit VALUES ('5','13-OCT-2018','56');
insert into DateCircuit VALUES ('5','12-JUL-2018','74');
insert into DateCircuit VALUES ('5','7-APR-2018','14');
insert into DateCircuit VALUES ('6','24-MAR-2018','13');
insert into DateCircuit VALUES ('6','5-NOV-2018','10');
insert into DateCircuit VALUES ('6','2-JAN-2018','50');
insert into DateCircuit VALUES ('6','31-JAN-2018','45');
insert into DateCircuit VALUES ('6','2-MAR-2018','59');
insert into DateCircuit VALUES ('6','17-NOV-2018','11');
insert into DateCircuit VALUES ('6','27-MAR-2018','34');
insert into DateCircuit VALUES ('6','11-MAR-2018','20');
insert into DateCircuit VALUES ('6','27-SEP-2018','32');
insert into DateCircuit VALUES ('6','2-JUN-2018','48');
